X,Y,STREETJUNCTIONID,STREETSEGID,FACILITYID,CAMERAID,POLEID,CAMERATYPE,OWNER,GIS_ID,SE_ANNO_CAD_DATA,OBJECTID,GLOBALID,CREATED,EDITED,status
-8575659.65107883,4720480.91320856,945,206,84,84,12418,CCTV,1,TrafficCamera_1,,1,{4CC917DD-554D-46DE-8BB5-71230FC4D441},,2021/11/12 22:42:27+00,Operating Normally
-8575634.53824493,4719627.44367619,4937,12009,205,205,11314,CCTV,1,TrafficCamera_2,,2,{6C32E33E-EAF7-4EF4-9ABA-7CDB1CC645CB},,2021/11/12 22:42:27+00,Operating Normally
-8574577.04549841,4719455.05942731,1061,5319,86,86,12551,CCTV,1,TrafficCamera_3,,3,{C9097446-306C-4FB8-9321-DBBBE474016C},,2021/11/12 22:42:27+00,Operating Normally
-8574579.89680942,4719332.74803365,3206,2081,88,88,12562,CCTV,1,TrafficCamera_4,,4,{7FE995D5-5573-4C06-8051-1022E7EB25C5},,2021/11/12 22:42:27+00,Operating Normally
-8573687.55376417,4718561.73368405,1987,2002,92,92,12664,CCTV,1,TrafficCamera_5,,5,{2544CD63-C011-4A75-A646-5584B387FA80},,2021/11/12 22:42:27+00,Operating Normally
-8575637.7841769,4718108.78175356,2573,9383,90,90,12626,CCTV,1,TrafficCamera_6,,6,{61818A85-7068-4D10-AECB-E6A8C30183A3},,2021/11/12 22:42:27+00,Operating Normally
-8573620.8528439,4718032.72307765,4811,9605,94,94,12723,CCTV,1,TrafficCamera_7,,7,{DA8911EF-C411-42A5-82BC-796668C69ED5},,2021/11/12 22:42:27+00,Operating Normally
-8574675.98537179,4716995.21460714,5275,6168,207,207,15834,CCTV,1,TrafficCamera_8,,8,{603C8FF0-651E-4163-9BA6-9D4BD56C7D7B},,2021/11/12 22:42:27+00,Operating Normally
-8580160.80712429,4716968.67717116,561,3234,51,51,4352,CCTV,1,TrafficCamera_9,,9,{91F6B350-6F2A-4DB9-94FB-69882B41B16C},,2021/11/12 22:42:27+00,Operating Normally
-8580061.45256728,4716785.17978178,2056,11657,50,50,4327,CCTV,1,TrafficCamera_10,,10,{E2C38E48-229D-4CC1-8ABA-A2EBD9824270},,2021/11/12 22:42:27+00,Operating Normally
-8579933.53660461,4716523.64627243,3463,3093,48,48,4286,CCTV,3,TrafficCamera_11,,11,{D00D2B85-3759-4773-AB9C-67B76EEED7D5},,2021/11/12 22:42:27+00,Operating Normally
-8579975.03386538,4716509.5594579,3463,5943,49,49,4293,CCTV,3,TrafficCamera_12,,12,{E3B25111-AC71-4D35-BD42-CC7EEFA3CD44},,2021/11/12 22:42:27+00,Operating Normally
-8580527.60321571,4716393.89581071,1247,2514,72,72,4386,CCTV,1,TrafficCamera_13,,13,{54DEEAC6-5779-4676-AED1-9C252A84BEC1},,2021/11/12 22:42:27+00,Operating Normally
-8580546.12593271,4716378.85593881,1247,2240,52,52,4389,CCTV,1,TrafficCamera_14,,14,{977716E8-FA6A-4DD4-8D7B-CF394FB3EBF7},,2021/11/12 22:42:27+00,Operating Normally
-8575640.61913227,4716294.47258091,4620,1647,95,95,14166,CCTV,1,TrafficCamera_15,,15,{9E3B294F-723D-4E16-8491-F958BF5E0CAD},,2021/11/12 22:42:27+00,Operating Normally
-8577484.54205721,4716169.59451244,6972,7189,70,70,6913,CCTV,1,TrafficCamera_18,,18,{1AB859E1-0739-4EA8-8602-DC38B4D25E0C},,2021/11/12 22:42:27+00,Operating Normally
-8577461.02122206,4716148.59195414,6972,5689,69,69,6908,CCTV,1,TrafficCamera_19,,19,{39557AEB-6864-4568-9CF5-2D457AD54B1C},,2021/11/12 22:42:27+00,Operating Normally
-8577866.65283101,4716113.80823183,3633,1847,67,67,6891,CCTV,1,TrafficCamera_20,,20,{7D8D2261-1252-42B7-9093-FD2B3C639716},,2021/11/12 22:42:27+00,Operating Normally
-8574733.87313155,4716106.26636607,6160,10603,98,98,14211,CCTV,1,TrafficCamera_21,,21,{8D3A9362-0CE6-42EE-8E7E-0FDAB3065381},,2021/11/12 22:42:27+00,Operating Normally
-8579753.10596297,4716102.03767649,4939,11185,46,46,4166,CCTV,3,TrafficCamera_22,,22,{48D0B57B-D6A0-4212-8310-26A82CF91DC6},,2021/11/12 22:42:27+00,Operating Normally
-8580200.13728644,4716082.44940923,4089,8030,47,47,4240,CCTV,3,TrafficCamera_23,,23,{EE568286-1E4B-4590-9028-7AB2150912DB},,2021/11/12 22:42:27+00,Operating Normally
-8577850.31130134,4716061.51419174,3633,3542,68,68,6899,CCTV,1,TrafficCamera_24,,24,{EFFCEDD9-ECDD-46DB-BE8A-A1EDADE3EA4A},,2021/11/12 22:42:27+00,Operating Normally
-8581164.79911258,4716054.7321211,3055,8899,53,53,4612,CCTV,1,TrafficCamera_25,,25,{4C5F5756-96CC-446E-A2B1-B188E0D4E3F8},,2021/11/12 22:42:27+00,Operating Normally
-8579685.80312944,4715890.24477998,3127,9048,45,45,4158,CCTV,3,TrafficCamera_26,,26,{F9581357-018A-4C99-9E35-946300A5BC5E},,2021/11/12 22:42:27+00,Operating Normally
-8579615.63841786,4715811.83262611,3126,3812,43,43,4151,CCTV,3,TrafficCamera_27,,27,{002660B7-4A40-432E-A5CE-8EA3E84146BE},,2021/11/12 22:42:27+00,Operating Normally
-8579649.87376625,4715799.16340857,3126,7179,44,44,4156,CCTV,3,TrafficCamera_28,,28,{5F8F6090-C760-47AE-86BA-C36554EC55F4},,2021/11/12 22:42:27+00,Operating Normally
-8579556.55889322,4715604.96583557,2411,5844,59,59,6475,CCTV,3,TrafficCamera_29,,29,{CB7E209B-E9F1-40B2-A957-9BA21D43E031},,2021/11/12 22:42:27+00,Operating Normally
-8573802.85576212,4715446.42561772,7052,6034,211,211,13105,CCTV,3,TrafficCamera_30,,30,{89946E65-9AB0-4384-9C21-9798474D462E},,2021/11/12 22:42:27+00,Operating Normally
-8574453.95540139,4715420.78509836,6256,10904,209,209,13092,CCTV,3,TrafficCamera_31,,31,{5C868006-2547-45B5-96BC-B1C88C068583},,2021/11/12 22:42:27+00,Operating Normally
-8575283.45004229,4715417.86719861,6923,10956,99,99,14357,CCTV,3,TrafficCamera_32,,32,{B3BF7166-B495-4C63-9476-5EE824BC1C4E},,2021/11/12 22:42:27+00,Operating Normally
-8575283.45004229,4715417.86719861,6923,10956,100,100,14357,CCTV,3,TrafficCamera_33,,33,{41308D8B-CD03-42A0-A62D-17153B63C54F},,2021/11/12 22:42:27+00,Operating Normally
-8579440.32838576,4715346.75591575,6948,3232,58,58,6463,CCTV,1,TrafficCamera_34,,34,{030CC768-9132-4915-8BBD-82C6E1DEB8B7},,2021/11/12 22:42:27+00,Operating Normally
-8579343.31972229,4715195.80446559,1249,4405,61,61,6582,CCTV,3,TrafficCamera_35,,35,{363AC0F8-6DC4-45BD-864D-D8EB87630047},,2021/11/12 22:42:27+00,Operating Normally
-8580730.54105218,4714976.96427,3217,5098,54,54,4834,CCTV,1,TrafficCamera_37,,37,{EE9F19B8-AA68-4128-99ED-5A5C935A6F58},,2021/11/12 22:42:27+00,Operating Normally
-8575665.94912449,4714836.43268911,3873,3799,93,93,14739,CCTV,1,TrafficCamera_40,,40,{98D7BC48-7E3B-4252-9A51-6C6052574CDD},,2021/11/12 22:42:27+00,Operating Normally
-8579549.85717224,4714820.30277747,2100,6149,62,62,6684,CCTV,1,TrafficCamera_41,,41,{12565570-E57C-4886-958D-B2B66B44BEE4},,2021/11/12 22:42:27+00,Operating Normally
-8579577.33579627,4714806.49655529,2100,10327,63,63,6691,CCTV,1,TrafficCamera_42,,42,{E116BD38-7C3F-45C8-B2FC-F702EE7C0978},,2021/11/12 22:42:27+00,Operating Normally
-8574638.102166,4714743.14470111,4103,10843,85,85,16823,CCTV,1,TrafficCamera_43,,43,{175D454B-CBEB-4DB4-B6D1-BF84AEB6D9C9},,2021/11/12 22:42:27+00,Operating Normally
-8579922.96843036,4714625.1168489,4444,4740,56,56,6359,CCTV,1,TrafficCamera_44,,44,{6A62937A-E7A8-49BA-8D12-38DF1BE579D3},,2021/11/12 22:42:27+00,Operating Normally
-8579970.69228414,4714608.71423151,2760,6242,57,57,6370,CCTV,1,TrafficCamera_45,,45,{9D28F6EB-25AB-4056-8B24-B39AFCA4DA40},,2021/11/12 22:42:27+00,Operating Normally
-8580398.99896802,4714015.36984247,4017,13044,60,60,6532,CCTV,3,TrafficCamera_47,,47,{597AD618-B22E-4437-9B08-0BAFA468E162},,2021/11/12 22:42:27+00,Operating Normally
-8578743.86543588,4713873.41328694,5100,6304,65,65,6847,CCTV,1,TrafficCamera_48,,48,{9EF22CBB-C98B-488C-A74E-6BC3A745D80D},,2021/11/12 22:42:27+00,Operating Normally
-8578766.53894451,4713856.35054081,5100,6657,66,66,6849,CCTV,1,TrafficCamera_49,,49,{21C54DC5-3377-410C-9A9E-775E5056F4A9},,2021/11/12 22:42:27+00,Operating Normally
-8580295.225719,4713779.08945915,3878,5469,71,71,8137,CCTV,1,TrafficCamera_50,,50,{3C765AE0-EB8C-4B90-B103-53FC2911EB28},,2021/11/12 22:42:27+00,Operating Normally
-8580256.76239634,4713772.98638494,3878,5338,73,73,8139,CCTV,1,TrafficCamera_51,,51,{D60F19F6-DB1E-4064-9EFD-41D8244675F7},,2021/11/12 22:42:27+00,Operating Normally
-8580294.15068084,4713759.22787023,3878,5469,74,74,8144,CCTV,1,TrafficCamera_52,,52,{9F4941D1-AF1F-4FB4-BEA7-77DE31560260},,2021/11/12 22:42:27+00,Operating Normally
-8578612.21098671,4713516.48172835,2254,1198,64,64,6536,CCTV,1,TrafficCamera_53,,53,{74653185-B25A-4DFE-8B86-A4005F38585B},,2021/11/12 22:42:27+00,Operating Normally
-8569795.59620523,4713518.07654479,1979,5649,215,215,15939,CCTV,1,TrafficCamera_54,,54,{F8D6E9D1-D44E-4F6C-86B4-1645D2C8B5E9},,2021/11/12 22:42:27+00,Operating Normally
-8569743.51396715,4713431.3979067,3058,9879,219,219,15945,CCTV,1,TrafficCamera_55,,55,{053CE6C9-37BA-47EB-957E-4C91CBB63B21},,2021/11/12 22:42:27+00,Operating Normally
-8575646.53007152,4713363.26945201,3889,9379,213,213,13776,CCTV,1,TrafficCamera_57,,57,{88382F1C-4636-47A0-8008-1D7123A59B5F},,2021/11/12 22:42:27+00,Operating Normally
-8579944.05932261,4713026.46341677,6665,2593,75,75,8264,CCTV,1,TrafficCamera_58,,58,{02FA6F26-C78A-4AF9-B46C-4E9775E69255},,2021/11/12 22:42:27+00,Operating Normally
-8579967.9046294,4713000.98599915,6665,11480,76,76,8268,CCTV,1,TrafficCamera_59,,59,{D369B53B-6269-427A-B4CA-A2679609C0E4},,2021/11/12 22:42:27+00,Operating Normally
-8584031.81736877,4712483.75361249,423,1420,79,79,8784,CCTV,1,TrafficCamera_60,,60,{4057AC71-8281-410F-8CC6-3F78CD0B9913},,2021/11/12 22:42:27+00,Operating Normally
-8567542.23861401,4712388.93100087,5477,7256,223,223,17614,CCTV,1,TrafficCamera_61,,61,{50918B73-BCA0-4349-BE3F-F982B7BAC691},,2021/11/12 22:42:27+00,Operating Normally
-8574429.93479485,4712369.56541367,1932,8798,4,4,27,CCTV,3,TrafficCamera_62,,62,{E1767023-51CB-4491-B78B-62F9BD141C51},,2021/11/12 22:42:27+00,Operating Normally
-8574902.00702844,4712293.02854222,5606,7359,2,2,401,CCTV,1,TrafficCamera_65,,65,{4F308F3E-4F86-4131-B762-D7D6B6BD8357},,2021/11/12 22:42:27+00,Operating Normally
-8575234.13298921,4712215.22195642,5651,11091,10,10,359,CCTV,3,TrafficCamera_66,,66,{67AD4916-2AC5-40DB-A2F8-40AB3E9367C1},,2021/11/12 22:42:27+00,Operating Normally
-8577974.22914449,4712168.92341711,5360,6992,77,77,8313,CCTV,1,TrafficCamera_67,,67,{7E2F20F9-8D16-4454-B344-30059CD4889C},,2021/11/12 22:42:27+00,Operating Normally
-8581141.11406051,4712139.90155001,5038,6081,78,78,8675,CCTV,1,TrafficCamera_68,,68,{D1E84573-CE5C-4E39-A2AD-E73D3C77B1F8},,2021/11/12 22:42:27+00,Operating Normally
-8574245.77192574,4711922.09674853,4364,11996,12,12,791,CCTV,3,TrafficCamera_69,,69,{12C4B8AD-646E-4BDB-B0EA-02E0ECB21A4A},,2021/11/12 22:42:27+00,Operating Normally
-8568420.5646744,4711843.43297804,755,12314,221,221,17262,CCTV,1,TrafficCamera_70,,70,{8539D226-FF03-4CC8-AD73-AA835172A4C8},,2021/11/12 22:42:27+00,Operating Normally
-8571684.49607845,4711825.36383854,4247,4494,225,225,17053,CCTV,1,TrafficCamera_71,,71,{1319DA11-7B8F-43FB-AF50-89CB25870259},,2021/11/12 22:42:27+00,Operating Normally
-8584041.07319637,4711705.35745024,4071,4217,81,81,10025,CCTV,1,TrafficCamera_72,,72,{449F6684-658E-4962-A5D2-01D6F5873508},,2021/11/12 22:42:27+00,Operating Normally
-8575230.53598888,4711686.26751557,6296,12399,22,22,414,CCTV,1,TrafficCamera_73,,73,{85192772-D2A0-4C64-B311-9E617DEB3EEB},,2021/11/12 22:42:27+00,Operating Normally
-8574198.71256226,4711504.52148409,2777,9752,11,11,763,CCTV,1,TrafficCamera_75,,75,{EF14469E-18BC-4CDD-8605-32AB4AA118B5},,2021/11/12 22:42:27+00,Operating Normally
-8579757.32567377,4711482.66386867,2713,6046,203,203,9929,CCTV,1,TrafficCamera_76,,76,{18EED3B0-3589-4154-95EB-C1299AA7641E},,2021/11/12 22:42:27+00,Operating Normally
-8575649.71976189,4711448.03372289,3070,9726,8,8,292,CCTV,3,TrafficCamera_78,,78,{27FCEE1E-D01C-43D3-B1B1-ACBDF27E496F},,2021/11/12 22:42:27+00,Operating Normally
-8577655.6794437,4711399.91593313,4422,4705,172,172,1953,CCTV,1,TrafficCamera_79,,79,{693A8EA7-FE12-4668-98E8-F2BFF7D14543},,2021/11/12 22:42:27+00,Operating Normally
-8576436.26329595,4711372.59435086,15,8893,171,171,1387,CCTV,1,TrafficCamera_80,,80,{9EC9A9B4-7258-4420-A66D-0FF2FF25FC30},,2021/11/12 22:42:27+00,Operating Normally
-8576416.77438708,4711368.70683348,15,1807,169,169,1378,CCTV,1,TrafficCamera_81,,81,{150A4157-1F8A-4DD5-9D2F-1D0875EBC60E},,2021/11/12 22:42:27+00,Operating Normally
-8576449.08575191,4711358.41507445,15,8893,170,170,1384,CCTV,1,TrafficCamera_82,,82,{4D84C9B0-B647-46ED-9281-2A2143A07BCB},,2021/11/12 22:42:27+00,Operating Normally
-8569288.45828071,4711309.36168225,4765,13035,217,217,17213,CCTV,1,TrafficCamera_83,,83,{0D034960-905D-456C-8B58-2A799492C68E},,2021/11/12 22:42:27+00,Operating Normally
-8578973.98397657,4711285.49017937,5698,9474,201,201,9892,CCTV,1,TrafficCamera_84,,84,{8FA4FE41-6784-4F32-952A-DE5983B52D61},,2021/11/12 22:42:27+00,Operating Normally
-8575208.27343852,4711281.91412873,6894,13207,166,166,1128,CCTV,3,TrafficCamera_85,,85,{B8206955-B6B8-42ED-A0CD-6A5488A38D1E},,2021/11/12 22:42:27+00,Operating Normally
-8583186.65862307,4711251.81778228,3984,9528,80,80,8908,CCTV,1,TrafficCamera_86,,86,{B90926DE-F9DD-47F3-96BD-FD96AFE0DC71},,2021/11/12 22:42:27+00,Operating Normally
-8574477.83365458,4711213.35086897,5914,8611,13,13,914,CCTV,3,TrafficCamera_87,,87,{AA5BE87E-BCB4-4387-9EBE-249F7F20A6A2},,2021/11/12 22:42:27+00,Operating Normally
-8575673.59037078,4711133.86350092,34,6123,14,14,2065,CCTV,3,TrafficCamera_88,,88,{93D8F29C-99E8-4669-B573-FA0D08C8F859},,2021/11/12 22:42:27+00,Operating Normally
-8575179.57544348,4710912.87024078,858,123,1,1,2001,CCTV,1,TrafficCamera_89,,89,{C1FAA16F-4C4B-478C-8357-52845A6560F0},,2021/11/12 22:42:27+00,Operating Normally
-8577360.00012003,4710747.49020332,3800,6427,23,23,2606,CCTV,3,TrafficCamera_90,,90,{5C2EF171-2BFA-4F4E-8C5F-EE2AC7C1710F},,2021/11/12 22:42:27+00,Operating Normally
-8575948.58534363,4710660.61845027,3158,11978,168,168,1342,CCTV,3,TrafficCamera_92,,92,{79B84C46-4C4A-4A66-B994-A9CDCE7BB38C},,2021/11/12 22:42:27+00,Operating Normally
-8579727.50368319,4710572.16896521,3658,10392,199,199,9750,CCTV,1,TrafficCamera_93,,93,{54D68A49-FFB1-4830-BCA2-913992666B6A},,2021/11/12 22:42:27+00,Operating Normally
-8570049.17484724,4710548.71414826,3855,3778,233,233,19155,CCTV,3,TrafficCamera_94,,94,{8509EC7A-6323-4F2B-AE59-037AA745FF59},,2021/11/12 22:42:27+00,Operating Normally
-8576153.03876531,4710227.08452397,6533,10756,173,173,1442,CCTV,3,TrafficCamera_95,,95,{52665CC0-A6FE-417C-B7FC-E3E49B98F3E3},,2021/11/12 22:42:27+00,Operating Normally
-8576224.18800729,4710182.49214553,3436,4656,15,15,2204,CCTV,1,TrafficCamera_96,,96,{64953B26-1089-46D9-9A90-2EB12D6B2633},,2021/11/12 22:42:27+00,Operating Normally
-8576257.69882081,4710164.23492281,3436,3060,16,16,2208,CCTV,1,TrafficCamera_97,,97,{B5F919B7-42A1-42ED-83A1-8DB397989DCD},,2021/11/12 22:42:27+00,Operating Normally
-8571650.51636916,4710113.75675173,3976,9645,241,241,18229,CCTV,3,TrafficCamera_98,,98,{E12B3D5A-1FBA-419B-A663-9D375B93D1FD},,2021/11/12 22:42:27+00,Operating Normally
-8571650.51636916,4710113.75675173,3976,9645,110,110,18229,CCTV,3,TrafficCamera_99,,99,{90AA253F-B32A-436C-9B80-BF35EE97D20E},,2021/11/12 22:42:27+00,Operating Normally
-8575141.2731978,4710095.36495367,5995,12172,167,167,1189,CCTV,3,TrafficCamera_100,,100,{4345552D-BDE2-4BE8-BE1F-F9CF978BD393},,2021/11/12 22:42:27+00,Operating Normally
-8578166.45428487,4709953.57994834,268,11890,82,82,10958,CCTV,1,TrafficCamera_101,,101,{3EFB9001-9DD1-42F6-8143-DB0554C9258C},,2021/11/12 22:42:27+00,Operating Normally
-8574910.8719136,4709936.45649097,1331,4282,18,18,2395,CCTV,1,TrafficCamera_102,,102,{E3DD280E-A41C-4F3A-A98B-1F2308EA36BD},,2021/11/12 22:42:27+00,Operating Normally
-8568545.74197053,4709860.54379837,3102,2628,243,243,18557,CCTV,1,TrafficCamera_103,,103,{6CF2E47B-9C28-4E12-930F-F7DB3C520A12},,2021/11/12 22:42:27+00,Operating Normally
-8569199.10584258,4709806.26681417,6472,10467,113,113,18599,CCTV,1,TrafficCamera_106,,106,{E9F98E24-8F60-4CBC-B5EE-663841EBCF4C},,2021/11/12 22:42:27+00,Operating Normally
-8575649.6403173,4709805.0522199,3728,10983,19,19,2440,CCTV,1,TrafficCamera_107,,107,{8CA4ACD0-8BDF-48DC-8113-3F96E34895B1},,2021/11/12 22:42:27+00,Operating Normally
-8572614.10831455,4709739.94713955,6910,9387,115,115,18652,CCTV,1,TrafficCamera_108,,108,{5233ABE8-0298-4A05-AB00-41218A0DE911},,2021/11/12 22:42:27+00,Operating Normally
-8573519.01383671,4709643.22497687,2900,6719,17,17,2348,CCTV,1,TrafficCamera_109,,109,{7561D03C-E124-4920-8F55-2CDFFA74AE9D},,2021/11/12 22:42:27+00,Operating Normally
-8572940.10353991,4709632.47645975,3527,11413,114,114,18631,CCTV,1,TrafficCamera_110,,110,{D3D37F78-2377-47C9-9213-4A0F4DC30857},,2021/11/12 22:42:27+00,Operating Normally
-8573545.80565741,4709625.72390926,2900,2350,3,3,2352,CCTV,1,TrafficCamera_111,,111,{25347FD3-F8DB-48F1-B70C-D204A78AC247},,2021/11/12 22:42:27+00,Operating Normally
-8572618.75168242,4709488.10597387,6912,6041,237,237,19318,CCTV,3,TrafficCamera_112,,112,{0F24CE0F-3625-4C06-8FCB-4FDBC8D9C4E0},,2021/11/12 22:42:27+00,Operating Normally
-8572618.75168242,4709488.10597387,6912,6041,239,239,19318,CCTV,3,TrafficCamera_113,,113,{D3E63F14-BF1A-419F-A8E3-FE8E5FD9CE05},,2021/11/12 22:42:27+00,Operating Normally
-8576726.76665944,4709445.45579029,3592,3498,174,174,1519,CCTV,1,TrafficCamera_114,,114,{C6686365-BA0C-4506-8243-A445EE32273D},,2021/11/12 22:42:27+00,Operating Normally
-8573368.35995506,4709441.58870275,2705,2077,26,26,2640,CCTV,3,TrafficCamera_115,,115,{C2EFBD95-B341-4409-B2F8-A573A1013FF4},,2021/11/12 22:42:27+00,Operating Normally
-8573508.36118527,4709382.07188166,4868,11530,28,28,2660,CCTV,1,TrafficCamera_116,,116,{877C5A02-1B85-436F-9234-F2EAEB1BFA2A},,2021/11/12 22:42:27+00,Operating Normally
-8576741.97434252,4709363.70029226,5315,6930,175,175,1529,CCTV,1,TrafficCamera_117,,117,{517F74F2-0702-41AC-9B79-2BD47D6D102D},,2021/11/12 22:42:27+00,Operating Normally
-8572532.62235846,4709279.87045439,5765,10613,112,112,18360,CCTV,3,TrafficCamera_118,,118,{1F63802A-0F27-4F94-BC61-E91E9BBAE991},,2021/11/12 22:42:27+00,Operating Normally
-8578983.67587889,4709173.18320695,6671,1690,179,179,3748,CCTV,1,TrafficCamera_119,,119,{60246536-43C9-41CD-B3B1-98AB96476E95},,2021/11/12 22:42:27+00,Operating Normally
-8576658.83675325,4709169.95320922,12,12828,177,177,3653,CCTV,1,TrafficCamera_120,,120,{9BFCC369-84BC-4D85-B94C-D8379CA991F1},,2021/11/12 22:42:27+00,Operating Normally
-8576462.94824637,4708831.36900647,87,9344,36,36,2913,CCTV,1,TrafficCamera_122,,122,{223CB0D8-D022-43FA-B6D9-1FB70D9967D7},,2021/11/12 22:42:27+00,Operating Normally
-8578769.04685272,4708679.41067144,1214,10701,184,184,5024,CCTV,3,TrafficCamera_123,,123,{4BD848A6-AB04-4746-8B48-E0D352DA573D},,2021/11/12 22:42:27+00,Operating Normally
-8569634.61723527,4708637.02971011,4170,11817,235,235,17878,CCTV,3,TrafficCamera_124,,124,{EC2CA672-9D74-4685-AE0D-3B61F6B79ABB},,2021/11/12 22:42:27+00,Operating Normally
-8574052.7940914,4708602.54595925,3194,8191,178,178,3227,CCTV,3,TrafficCamera_125,,125,{1F2F6F77-DA77-41A9-B88F-AE89899A06B6},,2021/11/12 22:42:27+00,Operating Normally
-8573718.42114964,4708591.95096311,1362,5865,25,25,2497,CCTV,3,TrafficCamera_126,,126,{9394029D-1B8F-4F21-ADCC-BF704375733E},,2021/11/12 22:42:27+00,Operating Normally
-8575657.5173066,4708438.02778848,6909,2405,31,31,10421,CCTV,3,TrafficCamera_127,,127,{5186E2B3-2016-416E-B848-70CBA8C751FB},,2021/11/12 22:42:27+00,Operating Normally
-8572603.52192936,4708429.73947757,6906,7156,130,130,20868,CCTV,1,TrafficCamera_128,,128,{72677F7D-CB6E-4ECB-AEC7-8EC62A696499},,2021/11/12 22:42:27+00,Operating Normally
-8575134.40733142,4708402.86374845,3852,3755,32,32,10467,CCTV,3,TrafficCamera_129,,129,{805B7FF9-4794-4EC3-BEB3-C26E504FD908},,2021/11/12 22:42:27+00,Operating Normally
-8575177.59357976,4708387.16017291,3852,12756,33,33,10472,CCTV,3,TrafficCamera_130,,130,{BBA448FE-F6B8-4924-B2B7-D40B052A0239},,2021/11/12 22:42:27+00,Operating Normally
-8573715.32016006,4708380.77098715,3957,3978,176,176,28235,CCTV,3,TrafficCamera_131,,131,{D8FA07C0-1B36-4B71-AED0-BD3024BB345F},,2021/11/12 22:42:27+00,Operating Normally
-8570160.43668663,4708376.84559252,6647,11424,227,227,17777,CCTV,3,TrafficCamera_132,,132,{8E8C8473-6F79-48C0-9E21-C7B3375849D2},,2021/11/12 22:42:27+00,Operating Normally
-8575150.99305066,4708228.83706892,3337,11399,309,309,9360,CCTV,1,TrafficCamera_133,,133,{CEBA2C13-F2B3-45FC-A80B-5EA277C92739},,2021/11/12 22:42:27+00,Operating Normally
-8580406.35337588,4708196.06462546,6206,13636,83,83,12051,CCTV,1,TrafficCamera_134,,134,{1C9C4369-F5B2-43D1-8432-F82739F85CEC},,2021/11/12 22:42:27+00,Operating Normally
-8569163.14792147,4708177.57364244,6184,492,105,105,18082,CCTV,3,TrafficCamera_135,,135,{BC86BC98-397F-40EC-9266-9E7C6234C084},,2021/11/12 22:42:27+00,Operating Normally
-8569163.14792147,4708177.57364244,6184,492,106,106,18082,CCTV,3,TrafficCamera_136,,136,{894ADA2C-6AE6-4C67-B273-CFCE4C1688EB},,2021/11/12 22:42:27+00,Operating Normally
-8569073.38755652,4708170.50913642,4719,12494,107,107,18084,CCTV,3,TrafficCamera_137,,137,{010748F0-EB7F-4111-AC64-FD2C7F3A4220},,2021/11/12 22:42:27+00,Operating Normally
-8569073.38755652,4708170.50913642,4719,12494,108,108,18084,CCTV,3,TrafficCamera_138,,138,{B5321DED-E250-458B-8D2A-D11470783E4B},,2021/11/12 22:42:27+00,Operating Normally
-8572736.22139362,4708152.61156374,7523,9116,124,124,20021,CCTV,3,TrafficCamera_140,,140,{92E04A24-F9F4-4329-A8AC-F73F8ED87905},,2021/11/12 22:42:27+00,Operating Normally
-8575166.00596684,4708102.35571141,5136,10168,310,310,9369,CCTV,1,TrafficCamera_142,,142,{81E21C9E-BFD7-4F50-93E2-75DCF6C77C20},,2021/11/12 22:42:27+00,Operating Normally
-8577998.17983778,4708097.55066479,78,7982,186,186,5267,CCTV,1,TrafficCamera_143,,143,{7CBD8B78-1097-47E0-A115-25618C01D313},,2021/11/12 22:42:27+00,Operating Normally
-8573271.49693214,4708097.6487036,241,3929,123,123,20017,CCTV,3,TrafficCamera_144,,144,{EBDFC5CF-84D8-4E45-90CD-D783AE042603},,2021/11/12 22:42:27+00,Operating Normally
-8579225.51396861,4708094.04968321,864,2125,182,182,3985,CCTV,1,TrafficCamera_145,,145,{A638D879-3762-4F67-AF38-168F292A664E},,2021/11/12 22:42:27+00,Operating Normally
-8579430.86789628,4708087.37621936,5003,13635,180,180,3963,CCTV,3,TrafficCamera_147,,147,{35BABCB1-7BA7-4DF5-B1DC-E85086FD1DEF},,2021/11/12 22:42:27+00,Operating Normally
-8578572.95571042,4708086.06677612,5671,7858,185,185,5064,CCTV,1,TrafficCamera_149,,149,{25EE0BD6-09B2-41D7-BE96-6C912C1E71E4},,2021/11/12 22:42:27+00,Operating Normally
-8579162.77890204,4708070.31357134,1335,5551,183,183,3998,CCTV,1,TrafficCamera_150,,150,{BCC79D05-8A62-4374-A643-BB4A0AF06EBE},,2021/11/12 22:42:27+00,Operating Normally
-8569640.23139501,4708021.15729666,6248,7536,104,104,18047,CCTV,3,TrafficCamera_152,,152,{1309189A-C7C5-41AD-B5F0-22D7660DE1E2},,2021/11/12 22:42:27+00,Operating Normally
-8568737.62713325,4707922.71783228,4535,12840,109,109,18153,CCTV,3,TrafficCamera_153,,153,{C0927AFE-9115-4039-BC9A-45C5E5367D40},,2021/11/12 22:42:27+00,Operating Normally
-8571657.56418586,4707910.3923078,4523,4875,120,120,18942,CCTV,3,TrafficCamera_154,,154,{3639960D-76E7-4D48-9244-26FC6D049AF5},,2021/11/12 22:42:27+00,Operating Normally
-8571657.82341449,4707907.79058214,4523,4875,121,121,18942,CCTV,3,TrafficCamera_155,,155,{17700F34-743F-46C3-A7E7-C3ACFF2A4B86},,2021/11/12 22:42:27+00,Operating Normally
-8570438.9047989,4707892.87660839,7142,35,231,231,17804,CCTV,3,TrafficCamera_156,,156,{4726E397-1E8D-4752-A098-8F0EBB9504B9},,2021/11/12 22:42:27+00,Operating Normally
-8569812.78367525,4707883.9982925,3790,3260,102,102,18016,CCTV,3,TrafficCamera_157,,157,{AE5BF28A-9863-44EC-A35F-A01678FB9B82},,2021/11/12 22:42:27+00,Operating Normally
-8574062.92781887,4707770.62648959,4403,12035,263,263,7689,CCTV,1,TrafficCamera_158,,158,{B084E4F4-D5CB-47BA-A5AF-13402942C2DD},,2021/11/12 22:42:27+00,Operating Normally
-8576455.34886966,4707731.25440963,4300,7745,194,194,5630,CCTV,1,TrafficCamera_159,,159,{763194DC-9FDC-4A28-9B82-79D7127F88F0},,2021/11/12 22:42:27+00,Operating Normally
-8574916.74005182,4707730.77761245,4,3438,224,224,7058,CCTV,1,TrafficCamera_160,,160,{5D48A982-D95A-4CA6-B45E-417C809F84D9},,2021/11/12 22:42:27+00,Operating Normally
-8575966.97719244,4707729.85712137,717,7364,220,220,7006,CCTV,3,TrafficCamera_161,,161,{544E6AC7-B15F-44CF-AD2B-276380F55E3E},,2021/11/12 22:42:27+00,Operating Normally
-8576776.99734097,4707708.40926594,4129,7158,195,195,5643,CCTV,1,TrafficCamera_162,,162,{6AF2AA8C-D09B-4DB7-B928-71CC0DC44DCB},,2021/11/12 22:42:27+00,Operating Normally
-8575649.05347605,4707708.29576634,1757,1512,222,222,7027,CCTV,3,TrafficCamera_163,,163,{CD89EEAC-0A8D-4494-B5F5-B36732C8347A},,2021/11/12 22:42:27+00,Operating Normally
-8577551.62557572,4707706.6935459,4130,11726,210,210,5924,CCTV,1,TrafficCamera_164,,164,{E3FC12A9-4B9A-4908-B964-5CDC7E168D4E},,2021/11/12 22:42:27+00,Operating Normally
-8569826.92799778,4707705.63968249,6139,3968,103,103,18036,CCTV,3,TrafficCamera_165,,165,{D5E6E524-123F-4B08-B4E7-AB492F3B46B1},,2021/11/12 22:42:27+00,Operating Normally
-8575357.48865127,4707700.71270919,715,471,232,232,7112,CCTV,1,TrafficCamera_166,,166,{547EC423-FACE-4F67-8442-C9F833871C17},,2021/11/12 22:42:27+00,Operating Normally
-8577868.03605256,4707696.41156787,16,10007,216,216,5959,CCTV,1,TrafficCamera_167,,167,{713A98E5-F6D9-484F-A8B7-DB20BB85C9AB},,2021/11/12 22:42:27+00,Operating Normally
-8572624.17225928,4707697.09815072,5459,7707,252,252,19951,CCTV,3,TrafficCamera_168,,168,{2302C488-9521-4485-8450-A1C4DA4D84D5},,2021/11/12 22:42:27+00,Operating Normally
-8569637.58354804,4707628.60761627,6343,12663,229,229,19048,CCTV,3,TrafficCamera_169,,169,{FD20ABEC-609F-442F-B9EE-4F1E8674CBC6},,2021/11/12 22:42:27+00,Operating Normally
-8574884.13744821,4707562.87628115,2507,1747,226,226,7061,CCTV,1,TrafficCamera_170,,170,{980338C7-C4E9-44FB-BA3C-5A7BEBBB201F},,2021/11/12 22:42:27+00,Operating Normally
-8575653.24902541,4707540.91853534,3518,555,230,230,7094,CCTV,1,TrafficCamera_171,,171,{DB0A9EE4-6185-49B1-B03F-C6E5057E647E},,2021/11/12 22:42:27+00,Operating Normally
-8575973.64519366,4707540.42436745,3602,7146,193,193,5607,CCTV,1,TrafficCamera_172,,172,{20C7D7CD-B35D-4740-A6B4-60A126F09368},,2021/11/12 22:42:27+00,Operating Normally
-8576251.156913,4707536.08315171,1141,398,192,192,5601,CCTV,1,TrafficCamera_173,,173,{5F963804-FBA7-4FEB-B292-AC91E5FDEAA5},,2021/11/12 22:42:27+00,Operating Normally
-8575173.15795801,4707532.97622223,6420,8931,228,228,7072,CCTV,1,TrafficCamera_174,,174,{6C2A0595-0BBD-4E70-9641-92E0AD784A9C},,2021/11/12 22:42:27+00,Operating Normally
-8576783.38576422,4707523.71587644,1188,445,196,196,5657,CCTV,1,TrafficCamera_175,,175,{C2CBAB08-EBCA-40C1-8F4D-6461C116E063},,2021/11/12 22:42:27+00,Operating Normally
-8577978.65553573,4707481.86083416,653,7505,218,218,5989,CCTV,3,TrafficCamera_176,,176,{48DDD85A-560F-4549-A293-8C66587AA3D9},,2021/11/12 22:42:27+00,Operating Normally
-8576454.23705343,4707412.00456858,2312,1297,206,206,5682,CCTV,1,TrafficCamera_177,,177,{B9999F47-ED1E-4C6C-BABD-D710F59DD882},,2021/11/12 22:42:27+00,Operating Normally
-8573130.49795457,4707403.33447078,1022,277,160,160,20843,CCTV,1,TrafficCamera_178,,178,{C46906EC-77DF-4B04-BBCE-C339B6EA7D8E},,2021/11/12 22:42:27+00,Operating Normally
-8575847.80035066,4707399.47154684,3607,7242,238,238,7164,CCTV,1,TrafficCamera_179,,179,{71F31468-83DC-49C4-8D31-85D086B5D00E},,2021/11/12 22:42:27+00,Operating Normally
-8575494.34266167,4707376.51893184,919,7099,236,236,7155,CCTV,1,TrafficCamera_180,,180,{7E8B1258-3AC3-4976-A912-6A36C0C8A7E4},,2021/11/12 22:42:27+00,Operating Normally
-8572586.86715568,4707373.0295201,5713,9549,129,129,20855,CCTV,1,TrafficCamera_181,,181,{F7F8354B-A769-4A5C-BCF4-B93C5536A184},,2021/11/12 22:42:27+00,Operating Normally
-8574913.49063602,4707359.38954828,3508,11987,234,234,7134,CCTV,1,TrafficCamera_182,,182,{E215B354-8F6D-4199-A4B4-F476D6968FD8},,2021/11/12 22:42:27+00,Operating Normally
-8574057.50810516,4707343.98538804,3255,11714,271,271,7767,CCTV,1,TrafficCamera_183,,183,{71AFCD49-F18C-437E-846B-123375574CE9},,2021/11/12 22:42:27+00,Operating Normally
-8574057.50810516,4707343.98538804,3255,11714,273,273,7767,CCTV,1,TrafficCamera_184,,184,{9435B90E-714C-4797-8F9E-FD6A771CAC0E},,2021/11/12 22:42:27+00,Operating Normally
-8573254.57217197,4707342.5248865,47,12918,125,125,20263,CCTV,1,TrafficCamera_185,,185,{9762E0A8-9A87-474C-81C6-640401E0E545},,2021/11/12 22:42:27+00,Operating Normally
-8574051.21915753,4707314.25883115,3255,2783,275,275,7773,CCTV,1,TrafficCamera_186,,186,{D2DC33E7-C2B4-4FAD-8E24-9F38D5F38CF2},,2021/11/12 22:42:27+00,Operating Normally
-8576417.52981069,4707305.04141518,4996,9787,190,190,5572,CCTV,1,TrafficCamera_187,,187,{8C15111A-32DC-4E61-9086-1C2D77E7EAD0},,2021/11/12 22:42:27+00,Operating Normally
-8576417.52981069,4707305.04141518,4996,9787,191,191,5572,CCTV,2,TrafficCamera_188,,188,{ED0ECEF0-BB37-4343-93D6-02FA2BAA276B},,2021/11/12 22:42:27+00,Operating Normally
-8575142.73442278,4707305.17872094,817,8680,242,242,7192,CCTV,1,TrafficCamera_189,,189,{5132F4F2-52DC-4FFA-8AD2-C679058795B9},,2021/11/12 22:42:27+00,Operating Normally
-8573302.6275933,4707299.72042147,47,6778,127,127,28236,CCTV,1,TrafficCamera_190,,190,{AA655DEB-5798-40F8-A97C-60C59A6F2CA4},,2021/11/12 22:42:27+00,Operating Normally
-8573302.61334712,4707298.94214338,47,6778,126,126,28236,CCTV,1,TrafficCamera_191,,191,{3B4F349D-36E9-4539-8698-D9FE6D27C8B7},,2021/11/12 22:42:27+00,Operating Normally
-8576251.99730827,4707282.30261014,3291,11282,204,204,5678,CCTV,2,TrafficCamera_192,,192,{E36B8C7A-D274-40D4-B249-0F912AD99DB6},,2021/11/12 22:42:27+00,Operating Normally
-8576251.99730827,4707282.30261014,3291,11282,198,198,5678,CCTV,1,TrafficCamera_193,,193,{ADFB64AD-E3F8-43C9-A76C-3BA2885260E5},,2021/11/12 22:42:27+00,Operating Normally
-8576251.99730827,4707282.30261014,3291,11282,202,202,5678,CCTV,2,TrafficCamera_194,,194,{2A3D0798-4B80-4F52-9237-F060FED32607},,2021/11/12 22:42:27+00,Operating Normally
-8576251.99730827,4707282.30261014,3291,11282,200,200,5678,CCTV,2,TrafficCamera_195,,195,{D14481A3-0F6B-4E2C-93C3-453E03CE0A89},,2021/11/12 22:42:27+00,Operating Normally
-8576010.86078966,4707178.51466922,2253,12067,197,197,5670,CCTV,1,TrafficCamera_196,,196,{CCEED679-1B55-4B67-A9ED-C670239CC2BF},,2021/11/12 22:42:27+00,Operating Normally
-8575362.57193875,4707154.00318109,1410,859,240,240,7188,CCTV,1,TrafficCamera_197,,197,{41FAE208-F3A4-420D-997B-89E24A008593},,2021/11/12 22:42:27+00,Operating Normally
-8576430.91651075,4707129.95938065,1740,11042,189,189,5533,CCTV,1,TrafficCamera_198,,198,{8EAF06AF-C966-4705-8E45-A156936E2C85},,2021/11/12 22:42:27+00,Operating Normally
-8576254.14893368,4707126.5026308,6540,10794,188,188,5533,CCTV,2,TrafficCamera_199,,199,{44377F51-1DB6-4BA2-9B97-1934EA3A90FB},,2021/11/12 22:42:27+00,Operating Normally
-8576254.14893368,4707126.5026308,6540,10794,187,187,5533,CCTV,1,TrafficCamera_200,,200,{543551B9-FB04-42DB-B8EC-9EC461D372D4},,2021/11/12 22:42:27+00,Operating Normally
-8569052.01781146,4706920.34278487,6062,1569,164,164,126089,CCTV,3,TrafficCamera_201,,201,{E2D2E553-BDEB-4DFA-BF5B-CC07804EBC3D},,2021/11/12 22:42:27+00,Operating Normally
-8575982.18563353,4706861.66988193,1748,12149,208,208,5710,CCTV,1,TrafficCamera_202,,202,{59D00521-0F06-4EEF-89A0-7A42D71B6519},,2021/11/12 22:42:27+00,Operating Normally
-8575143.42489791,4706824.87179141,3980,6338,249,249,7527,CCTV,1,TrafficCamera_203,,203,{CF8DCE67-C816-4FD7-ABA1-12F9E6D111C4},,2021/11/12 22:42:27+00,Operating Normally
-8576988.41694199,4706798.22627087,5781,7749,244,244,362,CCTV,1,TrafficCamera_204,,204,{FC317AD7-A972-445D-8A38-0E49A8CF5427},,2021/11/12 22:42:27+00,Operating Normally
-8566501.72054266,4706767.29143897,26,6467,165,165,27939,CCTV,1,TrafficCamera_205,,205,{C9D5321E-4CE9-4ED1-82D0-67C8696E8AE7},,2021/11/12 22:42:27+00,Operating Normally
-8575331.18422474,4706743.92389364,1810,4434,247,247,7511,CCTV,2,TrafficCamera_206,,206,{338AAEAB-D25B-406D-93AE-2B319C439C77},,2021/11/12 22:42:27+00,Operating Normally
-8576009.8549135,4706712.79979266,4510,11408,212,212,5925,CCTV,1,TrafficCamera_207,,207,{C09FB39A-7155-4F7B-B547-82F63C6774DF},,2021/11/12 22:42:27+00,Operating Normally
-8576585.84914359,4706681.70714088,1472,2919,287,287,7935,CCTV,2,TrafficCamera_208,,208,{0E4F29DF-163A-4945-B675-3F6D7D7F7BF0},,2021/11/12 22:42:27+00,Operating Normally
-8572620.21401348,4706678.81203737,18,10918,254,254,21059,CCTV,1,TrafficCamera_209,,209,{F0935D08-A38C-4E69-9B68-7FD5F193AC61},,2021/11/12 22:42:27+00,Operating Normally
-8565973.58845376,4706659.84819731,5146,6467,272,272,21419,CCTV,1,TrafficCamera_210,,210,{2C86F592-566D-42E1-AA3C-7179F0B3B843},,2021/11/12 22:42:27+00,Operating Normally
-8571981.34805661,4706654.68206488,1048,8205,132,132,20896,CCTV,1,TrafficCamera_211,,211,{00282A28-7B2F-4312-86CB-58204F5EEFBC},,2021/11/12 22:42:27+00,Operating Normally
-8572004.63857434,4706622.138501,5230,6689,133,133,20905,CCTV,1,TrafficCamera_212,,212,{D2CAB1E0-D46A-4A14-A0E1-B7934A7228FA},,2021/11/12 22:42:27+00,Operating Normally
-8571837.15627162,4706612.00363454,3828,4076,116,116,20888,CCTV,1,TrafficCamera_213,,213,{43324EE3-829D-4AFE-B9D3-94A30BD9F769},,2021/11/12 22:42:27+00,Operating Normally
-8569256.13325204,4706600.06273299,6082,10164,128,128,20547,CCTV,1,TrafficCamera_214,,214,{977576FB-F119-44EB-B92B-E44158ABC453},,2021/11/12 22:42:27+00,Operating Normally
-8575011.39200753,4706583.86256515,7822,6425,267,267,7699,CCTV,2,TrafficCamera_215,,215,{0C30B3BB-2BF0-4163-B941-8ACBE2629000},,2021/11/12 22:42:27+00,Operating Normally
-8575011.39200753,4706583.86256515,7822,6425,265,265,7699,CCTV,2,TrafficCamera_216,,216,{AADF32BE-DF6E-4265-A4B9-983DE51D1283},,2021/11/12 22:42:27+00,Operating Normally
-8574283.92268429,4706455.85670112,5013,10963,251,251,7587,CCTV,1,TrafficCamera_217,,217,{2ABD043A-831B-467F-AB12-84FB4B23844B},,2021/11/12 22:42:27+00,Operating Normally
-8571999.36315132,4706455.31167814,2166,6991,117,117,20911,CCTV,2,TrafficCamera_218,,218,{82FDBBCF-E4DD-43B5-9932-053A09BA8AC0},,2021/11/12 22:42:27+00,Operating Normally
-8572460.57307264,4706453.46243304,258,2441,256,256,21059,CCTV,1,TrafficCamera_219,,219,{7A8E0E3B-48AB-403B-AE7A-1AAA53D0DCDA},,2021/11/12 22:42:27+00,Operating Normally
-8572460.57307264,4706453.46243304,258,2441,258,258,21059,CCTV,1,TrafficCamera_220,,220,{434E8151-405A-4C23-89EC-80A237BC6F9D},,2021/11/12 22:42:27+00,Operating Normally
-8572967.3951441,4706449.5800164,394,5404,270,270,19886,CCTV,1,TrafficCamera_221,,221,{B4C59F8A-1CA7-4D58-A4E3-F998630456CE},,2021/11/12 22:42:27+00,Operating Normally
-8572967.3951441,4706449.5800164,394,5404,248,248,19886,CCTV,1,TrafficCamera_222,,222,{B55A6328-3AEB-4018-BAD9-BA25DE2D690A},,2021/11/12 22:42:27+00,Operating Normally
-8574064.0627719,4706433.07763939,1849,10325,257,257,7634,CCTV,1,TrafficCamera_223,,223,{0F044ADF-ECFF-4142-AAB9-1572A460289D},,2021/11/12 22:42:27+00,Operating Normally
-8572000.60939028,4706429.01979426,2166,6007,118,118,20916,CCTV,2,TrafficCamera_224,,224,{52502408-C126-42C0-BA82-5DACC5989849},,2021/11/12 22:42:27+00,Operating Normally
-8576231.70227658,4706426.52508729,4549,4915,214,214,5940,CCTV,1,TrafficCamera_225,,225,{D1D54BF6-421B-4102-9827-82E05CF38036},,2021/11/12 22:42:27+00,Operating Normally
-8572841.70828927,4706416.98977616,2060,3351,250,250,19898,CCTV,1,TrafficCamera_226,,226,{E9BEC0E7-3244-4080-BBC4-432B31EB4832},,2021/11/12 22:42:27+00,Operating Normally
-8571839.48578784,4706303.4238664,5860,8753,138,138,20927,CCTV,1,TrafficCamera_227,,227,{B601BB1F-7680-46BD-B0B3-6E00E4944078},,2021/11/12 22:42:27+00,Operating Normally
-8566161.46571139,4706262.18530144,1492,506,274,274,126091,CCTV,3,TrafficCamera_228,,228,{A254F744-988E-4143-BAA6-A57A69A79A71},,2021/11/12 22:42:27+00,Operating Normally
-8574748.31792823,4706256.92139929,5614,12430,277,277,7871,CCTV,1,TrafficCamera_229,,229,{DA2BDE6D-4808-4EF7-B565-F3FB4B038112},,2021/11/12 22:42:27+00,Operating Normally
-8573558.21021197,4706253.61401359,6313,9615,34,34,10476,CCTV,3,TrafficCamera_230,,230,{C6E731FA-9680-43E4-98B5-9309606352AB},,2021/11/12 22:42:27+00,Operating Normally
-8574284.18478063,4706252.1720246,6097,10963,259,259,7670,CCTV,1,TrafficCamera_231,,231,{B6B098D3-CC0E-4642-80DD-9FB391425A30},,2021/11/12 22:42:27+00,Operating Normally
-8577163.86515676,4706246.45068378,3575,5116,253,253,7618,CCTV,1,TrafficCamera_232,,232,{7FB34847-17BF-4260-B5B4-06619DBA19F8},,2021/11/12 22:42:27+00,Operating Normally
-8576015.99332485,4706245.92012093,5346,13101,245,245,7413,CCTV,1,TrafficCamera_233,,233,{FCBFAEB0-9E6F-4398-83C7-171EB61D4B82},,2021/11/12 22:42:27+00,Operating Normally
-8575366.30828965,4706244.91877447,1839,843,281,281,7880,CCTV,1,TrafficCamera_234,,234,{7A7F7A6D-5F69-442E-A4BE-A8E2855DA42A},,2021/11/12 22:42:27+00,Operating Normally
-8575180.76534986,4706244.98353324,3114,5447,269,269,7725,CCTV,1,TrafficCamera_235,,235,{7A584F0D-50E5-4B22-9518-FE18981DCAC4},,2021/11/12 22:42:27+00,Operating Normally
-8572933.65959622,4706241.36869503,2665,12390,314,314,9435,CCTV,1,TrafficCamera_236,,236,{403A46BA-8D98-4265-A49D-7D7DA59B36DC},,2021/11/12 22:42:27+00,Operating Normally
-8572933.46070449,4706241.36872122,2665,12390,313,313,9435,CCTV,1,TrafficCamera_237,,237,{22D456A6-1752-40EA-9C82-6457F0705638},,2021/11/12 22:42:27+00,Operating Normally
-8572529.65525267,4706240.67172117,583,12125,262,262,21180,CCTV,1,TrafficCamera_238,,238,{5997AD7D-148C-4DB8-AFC1-E281241B5EC1},,2021/11/12 22:42:27+00,Operating Normally
-8572529.65525267,4706240.67172117,583,12125,260,260,21180,CCTV,1,TrafficCamera_239,,239,{1AD43442-34E9-474E-94BC-288D6698E0A0},,2021/11/12 22:42:27+00,Operating Normally
-8572686.67954665,4706239.97323033,4294,11306,312,312,9427,CCTV,1,TrafficCamera_240,,240,{EC2F588B-56ED-420D-B5FA-DD81E8E3F2A4},,2021/11/12 22:42:27+00,Operating Normally
-8571938.36139342,4706230.48261426,6845,1231,140,140,20935,CCTV,1,TrafficCamera_241,,241,{A2130B99-4FB8-4997-8CE6-74011F706C55},,2021/11/12 22:42:27+00,Operating Normally
-8571561.18226469,4706223.60549125,6099,11276,141,141,20960,CCTV,1,TrafficCamera_242,,242,{D5A379DB-3B1A-42DE-BC0A-8F8A8CBECC13},,2021/11/12 22:42:27+00,Operating Normally
-8576616.6464648,4706211.55278988,1560,11288,293,293,9046,CCTV,1,TrafficCamera_243,,243,{E3DBCA91-5E0E-4051-B261-9D6112286898},,2021/11/12 22:42:27+00,Operating Normally
-8577161.14992155,4706211.05697809,3575,5116,255,255,7619,CCTV,1,TrafficCamera_244,,244,{FC28FD32-CDCA-44EA-A83A-B47BD4A703FF},,2021/11/12 22:42:27+00,Operating Normally
-8574711.29797457,4706209.40725246,5614,7383,279,279,7876,CCTV,1,TrafficCamera_245,,245,{3F1FE181-1E15-4685-8AB3-B41AB9115D61},,2021/11/12 22:42:27+00,Operating Normally
-8571817.25526137,4706209.48229401,5130,12690,139,139,20931,CCTV,1,TrafficCamera_246,,246,{21322735-190F-4FAB-87C7-279DE929F9AE},,2021/11/12 22:42:27+00,Operating Normally
-8573270.37292033,4706209.32625063,4801,9127,311,311,9403,CCTV,1,TrafficCamera_247,,247,{5F7749C9-E445-48DB-A0E8-5BFF621A2ACC},,2021/11/12 22:42:27+00,Operating Normally
-8572930.07398261,4706208.52632571,2665,12390,316,316,9436,CCTV,1,TrafficCamera_248,,248,{6B9F26E9-6822-465E-A854-D2327EB8B6F9},,2021/11/12 22:42:27+00,Operating Normally
-8572930.07398261,4706208.52632571,2665,12390,315,315,9436,CCTV,1,TrafficCamera_249,,249,{F8B90F60-7AE6-4CBF-AEED-4B4336207154},,2021/11/12 22:42:27+00,Operating Normally
-8574255.60470901,4706198.15527039,6097,9838,261,261,7674,CCTV,1,TrafficCamera_250,,250,{DD224978-78CF-482D-8DC9-FC5EACFCFF36},,2021/11/12 22:42:27+00,Operating Normally
-8571834.97470601,4706049.39595674,5129,13156,137,137,20924,CCTV,1,TrafficCamera_251,,251,{B2CD08EA-A6CF-48D7-93B0-BF42C9B167EE},,2021/11/12 22:42:27+00,Operating Normally
-8573274.94365262,4706030.0026609,3477,3275,30,30,10391,CCTV,3,TrafficCamera_252,,252,{0A9C0B6B-05EC-43F6-BB10-B69362A99A8C},,2021/11/12 22:42:27+00,Operating Normally
-8571840.23236561,4705911.0986953,6294,9517,161,161,22052,CCTV,1,TrafficCamera_254,,254,{43EBC94C-65D9-4716-BF5D-C90FBD2F51B4},,2021/11/12 22:42:27+00,Operating Normally
-8563802.16921068,4705894.87199178,5309,9504,288,288,23212,CCTV,1,TrafficCamera_255,,255,{EA83D498-6295-4332-B5AE-A23C98360ACE},,2021/11/12 22:42:27+00,Operating Normally
-8562434.62060939,4705891.61294317,1000,13733,286,286,23162,CCTV,1,TrafficCamera_256,,256,{287E34A2-1B1D-4247-BDDB-79CFC629411D},,2021/11/12 22:42:27+00,Operating Normally
-8569767.84895161,4705889.40438078,5664,9346,147,147,22738,CCTV,3,TrafficCamera_257,,257,{16D77531-BE50-4665-B502-88D0FC300807},,2021/11/12 22:42:27+00,Operating Normally
-8572000.20312933,4705885.14719279,6225,3699,144,144,22065,CCTV,1,TrafficCamera_258,,258,{8E62393B-A967-4AED-9115-64404AFDC572},,2021/11/12 22:42:27+00,Operating Normally
-8572000.20312933,4705885.14719279,6225,3699,142,142,22065,CCTV,1,TrafficCamera_259,,259,{C5967488-0FD7-4816-8A7D-8EFFFA8BF2D5},,2021/11/12 22:42:27+00,Operating Normally
-8561956.85793067,4705873.8121021,3715,6227,278,278,21781,CCTV,1,TrafficCamera_260,,260,{CD875E1C-63AF-49C3-B00C-0A7CD4EEC345},,2021/11/12 22:42:27+00,Operating Normally
-8564619.28764554,4705870.57866017,4420,3152,290,290,23246,CCTV,1,TrafficCamera_261,,261,{83BB2271-B86B-4926-8F30-4679CDE1D74B},,2021/11/12 22:42:27+00,Operating Normally
-8574019.46541176,4705757.06470271,2428,1645,289,289,9003,CCTV,1,TrafficCamera_262,,262,{6A1B2F7A-322C-4D04-B7A9-E613B2CA23A8},,2021/11/12 22:42:27+00,Operating Normally
-8573275.90755643,4705750.25800905,3718,3671,317,317,9464,CCTV,1,TrafficCamera_263,,263,{916D2BBF-B6EA-4FE7-95DA-335D69F642EF},,2021/11/12 22:42:27+00,Operating Normally
-8573536.07087703,4705749.1719011,2158,7483,299,299,9138,CCTV,1,TrafficCamera_264,,264,{9BBE9512-21E2-407B-BFB9-DC78C05D146E},,2021/11/12 22:42:27+00,Operating Normally
-8572964.88198611,4705609.77891631,823,11901,322,322,9534,CCTV,1,TrafficCamera_265,,265,{EEE93D99-3DAD-462F-932E-8357D6A8927E},,2021/11/12 22:42:27+00,Operating Normally
-8572964.88198611,4705609.77891631,823,11901,323,323,9534,CCTV,1,TrafficCamera_266,,266,{650BF56D-5D79-4F77-920C-9825A4B00792},,2021/11/12 22:42:27+00,Operating Normally
-8573273.82008189,4705602.48697746,3239,8322,304,304,9200,CCTV,1,TrafficCamera_267,,267,{9680EC2B-7448-467F-88D2-DF98C9CF8122},,2021/11/12 22:42:27+00,Operating Normally
-8573273.82008189,4705602.48697746,3239,8322,303,303,9200,CCTV,1,TrafficCamera_268,,268,{094C2BBF-B9E4-4F3D-B6C9-394AC80EE0A3},,2021/11/12 22:42:27+00,Operating Normally
-8571983.13591005,4705602.3462268,1035,3699,266,266,21247,CCTV,1,TrafficCamera_269,,269,{B28A082D-513E-4BB8-9554-64DDD4AB4B92},,2021/11/12 22:42:27+00,Operating Normally
-8571983.13591005,4705602.3462268,1035,3699,264,264,21247,CCTV,1,TrafficCamera_270,,270,{28A81B6B-9E0B-4803-A2FE-D801B6058146},,2021/11/12 22:42:27+00,Operating Normally
-8573170.53749663,4705593.59471862,824,5435,306,306,9207,CCTV,1,TrafficCamera_271,,271,{6A6566FD-D6D6-4FA2-A25A-886D476AB4DD},,2021/11/12 22:42:27+00,Operating Normally
-8573170.53749663,4705593.59471862,824,5435,307,307,9207,CCTV,1,TrafficCamera_272,,272,{CC28E8DE-EF95-4D19-A19C-7C2CDE596B40},,2021/11/12 22:42:27+00,Operating Normally
-8573172.01175963,4705593.53909162,824,5435,305,305,9206,CCTV,1,TrafficCamera_273,,273,{09223D02-202A-482B-8BEB-E3822953731B},,2021/11/12 22:42:27+00,Operating Normally
-8571842.24408748,4705576.46674035,83,12910,146,146,22722,CCTV,2,TrafficCamera_274,,274,{5247A6FD-A09E-47B2-A023-9683AF75ED61},,2021/11/12 22:42:27+00,Operating Normally
-8572625.85825071,4705573.83072956,638,8994,321,321,9534,CCTV,1,TrafficCamera_275,,275,{46CF0F49-AED7-4DC2-80B9-B246F4D8C494},,2021/11/12 22:42:27+00,Operating Normally
-8572940.48743246,4705567.73367361,823,8994,324,324,9540,CCTV,1,TrafficCamera_276,,276,{74C957B6-57DE-414B-B08B-C3249F485440},,2021/11/12 22:42:27+00,Operating Normally
-8572940.48743246,4705567.73367361,823,8994,325,325,9540,CCTV,1,TrafficCamera_277,,277,{04A483B9-4028-45BC-9F4E-4A0F1445EB76},,2021/11/12 22:42:27+00,Operating Normally
-8574061.99888965,4705563.97371534,2703,10856,295,295,9061,CCTV,1,TrafficCamera_278,,278,{27B44237-D8C3-48F1-8BDA-B7C55BD64634},,2021/11/12 22:42:27+00,Operating Normally
-8574691.79185256,4705563.38739904,88,11277,283,283,7893,CCTV,1,TrafficCamera_279,,279,{AA503BCE-CC17-4B70-85A9-341D2FC7D863},,2021/11/12 22:42:27+00,Operating Normally
-8573539.37553498,4705563.50629068,2159,6574,300,300,9146,CCTV,1,TrafficCamera_280,,280,{EA749856-ADBC-4906-AC8B-5CB4B548AACB},,2021/11/12 22:42:27+00,Operating Normally
-8573802.73678145,4705563.01695872,1831,1945,291,291,9010,CCTV,1,TrafficCamera_282,,282,{14AE9F31-0000-479C-83B2-C90F69CD7399},,2021/11/12 22:42:27+00,Operating Normally
-8575158.44605828,4705557.47142712,1671,574,285,285,7908,CCTV,1,TrafficCamera_283,,283,{EC24D62A-56F0-4F22-9FC9-831BDBD19322},,2021/11/12 22:42:27+00,Operating Normally
-8571891.59089116,4705548.67108968,83,10373,268,268,21253,CCTV,1,TrafficCamera_284,,284,{ED7010B4-1C7F-467D-B4CC-8BA00F59AE3C},,2021/11/12 22:42:27+00,Operating Normally
-8571820.23465651,4705369.42083493,3776,8308,134,134,22700,CCTV,2,TrafficCamera_285,,285,{2903DB30-1505-4D33-BDFA-641C2DB125C6},,2021/11/12 22:42:27+00,Operating Normally
-8573283.47680453,4705346.80502874,4079,10216,318,318,9472,CCTV,1,TrafficCamera_286,,286,{D6D88FAA-44AC-41B5-9618-8ECB5D27E6D8},,2021/11/12 22:42:27+00,Operating Normally
-8572795.31287104,4705242.42222702,45,10422,40,40,10583,CCTV,1,TrafficCamera_287,,287,{C4526671-9085-476A-90E5-52D7995A5373},,2021/11/12 22:42:27+00,Operating Normally
-8573129.48826369,4705238.60773632,96,10935,37,37,10548,CCTV,1,TrafficCamera_288,,288,{10A4D8CD-D185-4974-8121-D504FA511FC0},,2021/11/12 22:42:27+00,Operating Normally
-8572266.86384861,4705234.40227989,4328,7240,136,136,22535,CCTV,2,TrafficCamera_289,,289,{44B7540F-2125-4DD4-AB86-8E8AF9D540F1},,2021/11/12 22:42:27+00,Operating Normally
-8572774.48131232,4705231.18050859,45,3432,42,42,10585,CCTV,1,TrafficCamera_290,,290,{752F06E2-210F-481A-BFC9-0E2F0DA48D06},,2021/11/12 22:42:27+00,Operating Normally
-8572774.48131232,4705231.18050859,45,3432,41,41,10585,CCTV,1,TrafficCamera_291,,291,{626B6F7C-AF2E-49DF-AF87-DCFD5CED770C},,2021/11/12 22:42:27+00,Operating Normally
-8573136.84819167,4705215.52700825,96,13217,38,38,10553,CCTV,1,TrafficCamera_292,,292,{0C7CF23B-E683-4A28-853B-9DCEAC049C7D},,2021/11/12 22:42:27+00,Operating Normally
-8572271.45585986,4705214.74018623,4328,5946,135,135,22541,CCTV,2,TrafficCamera_293,,293,{39D411D9-36F1-40FF-AD7B-890F22E7D159},,2021/11/12 22:42:27+00,Operating Normally
-8572618.75614398,4705211.6824531,3571,12316,320,320,9518,CCTV,1,TrafficCamera_294,,294,{D63CB2D9-2B1B-4DF4-BAA1-00D3EE638B9A},,2021/11/12 22:42:27+00,Operating Normally
-8573807.67454217,4705209.15349074,3492,12388,297,297,9092,CCTV,1,TrafficCamera_295,,295,{4C9455C5-9953-4A27-A5E0-6CDA671CE809},,2021/11/12 22:42:27+00,Operating Normally
-8571186.34767882,4705181.45060251,2396,1588,145,145,22587,CCTV,2,TrafficCamera_296,,296,{C3EEEFB8-EDAE-4097-8821-94667A24D465},,2021/11/12 22:42:27+00,Operating Normally
-8563642.32959538,4705103.83707009,6616,8717,284,284,126084,CCTV,3,TrafficCamera_297,,297,{FBB198CD-7394-46E4-A78D-E57AA2DE3952},,2021/11/12 22:42:27+00,Operating Normally
-8573280.4050179,4705096.55772901,766,4922,301,301,9172,CCTV,1,TrafficCamera_298,,298,{2B3C56AD-47F2-473D-ABB5-95E1DB15F794},,2021/11/12 22:42:27+00,Operating Normally
-8571030.28680312,4705084.08310662,952,212,143,143,22423,CCTV,1,TrafficCamera_299,,299,{E5E268F9-970E-4A7E-80C0-7DD1FABB2A6A},,2021/11/12 22:42:27+00,Operating Normally
-8573131.25791282,4705044.08202257,22,9796,302,302,9178,CCTV,1,TrafficCamera_300,,300,{2B7822E5-0980-4A42-9A8D-4AF7256DB4F9},,2021/11/12 22:42:27+00,Operating Normally
-8572620.43413216,4705042.48582041,3471,3165,319,319,9492,CCTV,1,TrafficCamera_301,,301,{0094E63D-5453-4B4A-8A5F-7A91EC6A63FE},,2021/11/12 22:42:27+00,Operating Normally
-8572639.36563085,4704946.71113871,1616,2908,39,39,10578,CCTV,1,TrafficCamera_302,,302,{468CFFCD-48E8-4AB3-BAC3-1FA655D33B2E},,2021/11/12 22:42:27+00,Operating Normally
-8574067.87945831,4704896.14996411,81,2848,35,35,10538,CCTV,3,TrafficCamera_303,,303,{CB806237-C832-4C5C-A7AB-5B70B93141E4},,2021/11/12 22:42:27+00,Operating Normally
-8563747.90475173,4704583.99879164,3314,13699,282,282,126083,CCTV,3,TrafficCamera_304,,304,{2F5EC4CA-AB46-4BA9-9BF3-4EC0E543601F},,2021/11/12 22:42:27+00,Operating Normally
-8571026.3257236,4704406.82616921,6645,11372,150,150,28237,CCTV,1,TrafficCamera_305,,305,{D189F071-53C6-4F21-94A2-345C7DF29600},,2021/11/12 22:42:27+00,Operating Normally
-8573054.84001754,4704406.16087067,1026,9438,162,162,24610,CCTV,1,TrafficCamera_306,,306,{6F244971-D2DA-4205-B066-20907A202DEA},,2021/11/12 22:42:27+00,Operating Normally
-8572636.23912923,4704405.08649268,103,8491,157,157,24439,CCTV,1,TrafficCamera_307,,307,{92ED777D-4B26-44C4-A7B9-C9E48F008E91},,2021/11/12 22:42:27+00,Operating Normally
-8563989.07398593,4704289.69862929,2611,11642,280,280,21781,CCTV,1,TrafficCamera_308,,308,{A63CC44C-C937-4BFE-A758-24C0BBED319E},,2021/11/12 22:42:27+00,Operating Normally
-8570474.2730844,4704281.07593422,1867,790,148,148,24048,CCTV,1,TrafficCamera_309,,309,{FD75BBD9-D565-4D7E-9E16-3C418BBC5908},,2021/11/12 22:42:27+00,Operating Normally
-8570474.2730844,4704281.07593422,1867,790,149,149,24048,CCTV,1,TrafficCamera_310,,310,{A7F20D61-89AE-47CB-B4D5-5DBB442928B0},,2021/11/12 22:42:27+00,Operating Normally
-8569410.49562869,4704189.64451854,6806,9320,119,119,21281,CCTV,1,TrafficCamera_311,,311,{A2AB086A-751E-44EB-A8ED-5A12E911BE9B},,2021/11/12 22:42:27+00,Operating Normally
-8571052.40031409,4704023.20527149,2304,1285,159,159,24774,CCTV,2,TrafficCamera_312,,312,{A7E57FA0-1E7C-4461-B8AF-BE5951D18195},,2021/11/12 22:42:27+00,Operating Normally
-8572269.81949285,4704014.13082005,3061,9875,156,156,24409,CCTV,1,TrafficCamera_313,,313,{99173736-DF1A-4D1F-9E15-749FD259710F},,2021/11/12 22:42:27+00,Operating Normally
-8572608.47905493,4703978.67016198,6907,10606,155,155,24394,CCTV,1,TrafficCamera_314,,314,{1976E22C-6DE3-4A19-856C-E11B54A76014},,2021/11/12 22:42:27+00,Operating Normally
-8572268.58856243,4703749.67040868,4632,11220,131,131,24316,CCTV,1,TrafficCamera_315,,315,{B0380FA2-2C96-4206-80EF-21587A7B403D},,2021/11/12 22:42:27+00,Operating Normally
-8568346.20417153,4703545.13246435,2813,5055,339,339,28010,CCTV,1,TrafficCamera_317,,317,{051BA529-47D6-4DDF-B2B2-439E2F287EB4},,2021/11/12 22:42:27+00,Operating Normally
-8572237.30789882,4703347.72115852,2953,13751,153,153,24233,CCTV,3,TrafficCamera_318,,318,{6FCD0CBB-9B7F-4611-91CE-F11BD57D8DAA},,2021/11/12 22:42:27+00,Operating Normally
-8572949.12995379,4703342.08182034,2758,11868,154,154,24256,CCTV,3,TrafficCamera_319,,319,{6203F888-26C0-482E-9C92-F6A7337279BF},,2021/11/12 22:42:27+00,Operating Normally
-8568006.61710666,4702745.35063139,2299,10563,292,292,126085,CCTV,3,TrafficCamera_320,,320,{D99A7BF0-AA66-4C6F-834C-51F4BEC2E3E2},,2021/11/12 22:42:27+00,Operating Normally
-8569270.90220124,4702692.90610477,6680,11593,294,294,126086,CCTV,3,TrafficCamera_321,,321,{DC3D62C7-1C51-462B-AC55-C44EF6DC3DA6},,2021/11/12 22:42:27+00,Operating Normally
-8569957.12784245,4702618.63392447,1274,13136,340,340,28125,CCTV,3,TrafficCamera_322,,322,{90A6A493-7280-41DD-9EA6-CF7F65F48D7C},,2021/11/12 22:42:27+00,Operating Normally
-8566174.79492723,4702421.95869898,4223,1445,296,296,23922,CCTV,1,TrafficCamera_323,,323,{DC01E0A4-1C07-4116-9435-278DC0A875A0},,2021/11/12 22:42:27+00,Operating Normally
-8572967.12923783,4702309.21828424,3268,2796,151,151,24177,CCTV,1,TrafficCamera_324,,324,{EB7EBC53-B650-47E8-BBFA-EEFB8F5EF2EC},,2021/11/12 22:42:27+00,Operating Normally
-8572845.67109932,4702308.64151264,6436,12972,152,152,24177,CCTV,1,TrafficCamera_325,,325,{045D2A41-F96A-483D-B094-27360270DD2E},,2021/11/12 22:42:27+00,Operating Normally
-8565675.55169325,4702154.85334016,3586,6978,163,163,23864,CCTV,1,TrafficCamera_326,,326,{58BE480E-9758-4553-BE87-F11BED591CEA},,2021/11/12 22:42:27+00,Operating Normally
-8571352.15286622,4701995.03559529,6965,3674,335,335,26826,CCTV,1,TrafficCamera_327,,327,{C3AD50FB-A2D0-4204-B58C-49C2F35EDE26},,2021/11/12 22:42:27+00,Operating Normally
-8567025.2094708,4701924.7644084,5973,11071,298,298,25080,CCTV,1,TrafficCamera_329,,329,{01F1BB6C-AEF0-42CB-9786-855D398D0D4B},,2021/11/12 22:42:27+00,Operating Normally
-8571384.24302132,4701398.47172119,2851,2769,337,337,26849,CCTV,3,TrafficCamera_330,,330,{AD4D962D-DCAC-4EF2-8E1F-DD6060A9B238},,2021/11/12 22:42:27+00,Operating Normally
-8568447.40230047,4701198.22176963,7467,13152,332,332,26542,CCTV,3,TrafficCamera_331,,331,{BDAEB833-2266-4C4E-89B2-D8E02CC8F57D},,2021/11/12 22:42:27+00,Operating Normally
-8571259.81052507,4701190.31862385,7542,4344,338,338,26868,CCTV,3,TrafficCamera_332,,332,{76E80D3E-41B5-48A7-8C90-ABE935A47A93},,2021/11/12 22:42:27+00,Operating Normally
-8570207.43543959,4699062.24713428,7522,5476,334,334,25957,CCTV,3,TrafficCamera_334,,334,{31368B81-4E11-4E9C-944F-663606BFFA4A},,2021/11/12 22:42:27+00,Operating Normally
-8570275.58811964,4697738.85446336,2970,13183,330,330,25673,CCTV,3,TrafficCamera_335,,335,{EA335AF1-929C-414D-B902-799B2A13E3BA},,2021/11/12 22:42:27+00,Operating Normally
-8572445.94438073,4697564.47314136,4912,11067,328,328,25640,CCTV,1,TrafficCamera_336,,336,{B96D81BF-81CF-4DBD-AB39-7CE2DA1BC4C7},,2021/11/12 22:42:27+00,Operating Normally
-8570594.15605925,4697233.96616651,7507,2760,329,329,25657,CCTV,1,TrafficCamera_337,,337,{2088EE14-A230-41A3-99CB-B2008538C09A},,2021/11/12 22:42:27+00,Operating Normally
-8571682.21073513,4696909.14662664,6966,1642,327,327,28238,CCTV,3,TrafficCamera_338,,338,{BD49C885-0460-404F-90C2-370EE821B0D5},,2021/11/12 22:42:27+00,Operating Normally
-8571765.73397025,4696098.17708007,632,8047,326,326,25267,CCTV,1,TrafficCamera_339,,339,{5A203032-0D00-47E0-A7DB-236E017B20BA},,2021/11/12 22:42:27+00,Operating Normally
